experiment_id,dataset,seed,model_summary,optimizer,lr,momentum,weight_decay,epochs_trained,best_val_accuracy,best_val_loss
E1,CIFAR10,42,"h=[512, 256, 128] act=ReLU dropout=0.0 bn=0",Adam,0.001,0.0,0.0,15,0.5391,1.3684640439987183
E2,CIFAR10,42,"h=[512, 256, 128] act=ReLU dropout=0.3 bn=0",Adam,0.001,0.0,0.0,15,0.5405,1.3187572761535644
E3,CIFAR10,42,"h=[512, 256, 128] act=ReLU dropout=0.0 bn=1",Adam,0.001,0.0,0.0,15,0.5551,1.2940515768051148
E4,CIFAR10,42,"h=[512, 256, 128] act=ReLU dropout=0.0 bn=1",Adam,0.001,0.0,0.0,11,0.5466,1.3244561916351318
O1,CIFAR10,42,"h=[512, 256, 128] act=ReLU dropout=0.0 bn=1",Adam,0.1,0.0,0.0,6,0.4947,1.4342143083572387
O2,CIFAR10,42,"h=[512, 256, 128] act=ReLU dropout=0.0 bn=1",Adam,1e-05,0.0,0.0,6,0.4621,1.6215118186950683
O3,CIFAR10,42,"h=[512, 256, 128] act=ReLU dropout=0.0 bn=1",SGD,0.01,0.9,0.0001,12,0.5391,1.332476396369934
